fold_id	outer_fold	inner_fold	train_precision	train_recall	train_f1_score	train_accuracy	train_auc	train_loss	val_precision	val_recall	val_f1_score	val_accuracy	val_auc	val_loss	test_precision	test_recall	test_f1_score	test_accuracy	test_auc	test_loss
0_0	0	0	0.863742143159568	0.8376354166666667	0.8485571562809323	0.8930041152263375	0.9023612678481733	1.705769711289155	0.825977011494253	0.6826436781609195	0.6565590220762635	0.8	0.8126379147057008	3.1884771259431854	0.8589277389277388	0.7292165898617512	0.7624727668845316	0.819672131147541	0.8362789017078655	2.8748564367562452
0_1	0	1	0.8655763351870436	0.8199942442442442	0.8384075381132254	0.891170431211499	0.8928531571011771	1.7350030078837946	0.7764935064935065	0.8062068965517242	0.7859954233409611	0.8518518518518519	0.884259910860896	2.361834939012178	0.8579807692307693	0.7627649769585254	0.7866791160908807	0.819672131147541	0.8530530952562525	2.8748564367562452
0_2	0	2	0.847903349220525	0.8343476601601602	0.8401242315573831	0.8891170431211499	0.9009051920188946	1.767738911443691	0.8208602150537635	0.7328735632183908	0.76	0.8333333333333334	0.8395524278676987	2.657064291487537	0.8046474358974359	0.7627649769585254	0.7764550264550264	0.819672131147541	0.853150561143192	2.8748564367562452
0_3	0	3	0.8644736810127899	0.8256890015015015	0.8409324248206692	0.8829568788501027	0.8945679847153085	1.8659466221233796	0.7458222811671088	0.6562068965517242	0.6705145888594164	0.8333333333333334	0.8055184142622567	2.6570642914875378	0.8470716783216783	0.7227649769585254	0.751058201058201	0.8032786885245902	0.8312012434044005	3.136207011078695
0_4	0	4	0.8797880182912454	0.8452850663163163	0.8581166921802055	0.8993839835728953	0.9069489603443387	1.60405939364421	0.8128735632183908	0.8128735632183908	0.8128735632183908	0.8703703703703703	0.88763406052076	2.066605586536818	0.7913141025641026	0.7227649769585254	0.7398537192654839	0.8032786885245902	0.8312987092913401	3.136207011078695
0_5	0	5	0.8631328671328671	0.8037733318166893	0.8258946503934631	0.8767967145790554	0.881860850849919	1.9641543328030682	0.863978494623656	0.7833333333333333	0.8064971751412429	0.8888888888888888	0.8737472527472526	1.7713762340614578	0.8525152267087751	0.7627649769585254	0.7816009557945042	0.819672131147541	0.8545345767377338	2.874856436756245
0_6	0	6	0.8553556975705149	0.8285585593534452	0.8406081432065567	0.8870636550308009	0.8971168919975347	1.8004748150035872	0.6866666666666668	0.65	0.6427411294352823	0.8518518518518519	0.8048910256410255	2.3618349390121782	0.8470716783216783	0.7227649769585254	0.751058201058201	0.8032786885245902	0.8312012434044005	3.136207011078695
0_7	0	7	0.8446722776161859	0.8228752058657562	0.8328134623244638	0.8829568788501027	0.8938246825291849	1.8659466221233794	0.7639784946236559	0.75	0.7412590799031478	0.8518518518518519	0.8533782051282051	2.3618349390121782	0.8579807692307693	0.7627649769585254	0.7866791160908807	0.819672131147541	0.8530530952562525	2.8748564367562452
0_8	0	8	0.8738771018548487	0.8183981607272326	0.8399118505959475	0.8870636550308009	0.8906994913575236	1.800474815003587	0.7301604278074867	0.6166666666666666	0.6364422627395979	0.7777777777777778	0.7720302197802197	3.5427523489136172	0.7913141025641026	0.7227649769585254	0.7398537192654839	0.8032786885245902	0.8312987092913401	3.136207011078695
0_9	0	9	0.8432965295770174	0.8126749714854217	0.8256078191227502	0.8850102669404517	0.8886723881667022	1.8332107185634834	0.7598231653404067	0.7857142857142858	0.7646783625730994	0.8333333333333334	0.8680091575091575	2.6570642914875378	0.8579807692307693	0.7627649769585254	0.7866791160908807	0.819672131147541	0.8530530952562525	2.8748564367562452
1_0	1	0	0.8506652971979728	0.8222210648148149	0.8332480266185268	0.8806584362139918	0.8924281890006922	1.9025892796060617	0.5818031430934657	0.5590804597701149	0.5655555555555555	0.7272727272727273	0.7375649939946369	4.347923310210054	0.7243181818181819	0.606405529953917	0.6165909090909091	0.8032786885245902	0.7759070878408558	3.1362070110786946
1_1	1	1	0.8645809915865803	0.8148741866866868	0.8363524540985464	0.8809034907597536	0.8880865034051743	1.8986825256832758	0.7551648351648352	0.759080459770115	0.7495171495171495	0.8148148148148148	0.855893971381656	2.9522936439628977	0.7356862745098038	0.6128571428571429	0.6258371513543928	0.819672131147541	0.7812605538669368	2.874856436756245
1_2	1	2	0.8316624977750298	0.7824693130630631	0.8024618402192774	0.864476386036961	0.8694757323801502	2.160569754162445	0.8323863636363636	0.7662068965517241	0.7938883797757639	0.8333333333333334	0.8542599108608961	2.6570642914875378	0.7356862745098038	0.6014285714285714	0.6223872679045093	0.819672131147541	0.7755462681526512	2.874856436756245
1_3	1	3	0.8562280880708435	0.824896803053053	0.8376268156377094	0.8788501026694046	0.8932278926702937	1.931418429243172	0.7784848484848486	0.7897701149425288	0.7804102186195038	0.8703703703703703	0.8764224724372509	2.0666055865368183	0.7556862745098039	0.6628571428571429	0.690079575596817	0.8360655737704918	0.8080462681526512	2.613505862433795
1_4	1	4	0.8885227525360528	0.8474292104604604	0.8656021296679068	0.8973305954825462	0.9072998189971111	1.6367952972041062	0.8646846846846847	0.6331034482758622	0.6857142857142857	0.7962962962962963	0.7761707717569786	3.2475229964382577	0.6945454545454546	0.6514285714285715	0.6685426403098816	0.8360655737704918	0.8039109298067864	2.613505862433795
1_5	1	5	0.8311277659351515	0.784586917577468	0.8049399484950557	0.864476386036961	0.8710803949104831	2.160569754162445	0.7918744473916888	0.7857142857142858	0.7751228070175439	0.8518518518518519	0.8704734432234431	2.3618349390121782	0.7556862745098039	0.6514285714285715	0.6846094901267314	0.8360655737704918	0.8023319824383653	2.613505862433795
1_6	1	6	0.8477464131012382	0.7814336451912883	0.8072448542783114	0.864476386036961	0.8682310598591494	2.160569754162445	0.8236666666666667	0.7714285714285715	0.7447299590695817	0.8333333333333334	0.8640943223443223	2.6570642914875378	0.7356862745098038	0.6014285714285714	0.6223872679045093	0.819672131147541	0.7755462681526512	2.874856436756245
1_7	1	7	0.8572782756822752	0.8202053081430514	0.8367834726112673	0.8767967145790554	0.8903534091360346	1.9641543328030682	0.7979487179487179	0.7666666666666667	0.7660558292282431	0.8888888888888888	0.8671767399267398	1.7713762340614578	0.7612121212121212	0.6414285714285715	0.6544589462261876	0.8360655737704918	0.7988796014859844	2.613505862433795
1_8	1	8	0.8553734266764174	0.8199273600607675	0.8359263065664001	0.8829568788501027	0.8914260097804109	1.8659466221233796	0.6794330400782014	0.65	0.6565799908762325	0.7962962962962963	0.7961520146520147	3.247522996438257	0.7612121212121212	0.6414285714285715	0.6544589462261876	0.8360655737704918	0.7988796014859844	2.613505862433795
1_9	1	9	0.8444119363782285	0.8091793333872266	0.8250198741680608	0.8726899383983573	0.88473224249772	2.0296261399228603	0.8627777777777779	0.8166666666666667	0.8345021645021646	0.8703703703703703	0.8864844322344322	2.066605586536818	0.8145454545454545	0.7314285714285715	0.7518482236154649	0.8688524590163934	0.8475171676235507	2.0908047137888963
2_0	2	0	0.8606894580788055	0.8118015828328329	0.8338601620568162	0.8788501026694046	0.886588933592817	1.9314184292431718	0.7741935483870968	0.7162068965517241	0.7157142857142857	0.8	0.8276965628025312	3.1884771259431846	0.8716666666666667	0.820215053763441	0.8260152359417481	0.9166666666666666	0.9005598764645049	1.3285322053484174
2_1	2	1	0.8461798414843779	0.7891153522219698	0.8140331159811106	0.8685831622176592	0.8733242179220053	2.0950979470426527	0.6998231653404067	0.7059770114942528	0.6881992337164752	0.8	0.8245517313951675	3.1884771259431854	0.8185483870967742	0.7635483870967742	0.7802150537634409	0.8833333333333333	0.8666368217580918	1.8599450398040658
2_2	2	2	0.8563672854908168	0.814694208458237	0.8329514944230448	0.8811475409836066	0.8889432853125051	1.8947917830470586	0.6805882352941177	0.65	0.6452380952380952	0.8148148148148148	0.7938163265306123	2.952293643962897	0.7818817204301075	0.7535483870967742	0.7635916771400642	0.8833333333333333	0.8616704917917618	1.8599450398040653
2_3	2	3	0.8791258307986933	0.8418531188060021	0.8562748877163913	0.889344262295082	0.9033008532599066	1.7641164958858337	0.7893103448275862	0.7393103448275863	0.7426436781609196	0.8148148148148148	0.8424714989444053	2.952293643962897	0.8518817204301076	0.7968817204301075	0.8183102918586791	0.9	0.8851228727441427	1.5942386225762415
2_4	2	4	0.8723233623071334	0.8188931043908791	0.8404066514112319	0.8811475409836066	0.8901929914830573	1.8947917830470586	0.8986363636363637	0.8131034482758622	0.8393346457138332	0.8703703703703703	0.8837898193760264	2.066605586536818	0.9016666666666666	0.8768817204301076	0.8820892768433751	0.9333333333333333	0.9304230004580635	1.0628257881205931
2_5	2	5	0.8471190487950462	0.8073785783091537	0.8250232335285931	0.875	0.8838278296673779	1.9927982484179776	0.6878299120234604	0.6428571428571429	0.6562392532547286	0.7962962962962963	0.7910320512820512	3.247522996438257	0.82	0.8268817204301075	0.8192619891885012	0.9166666666666666	0.9039593473639757	1.3285322053484174
2_6	2	6	0.8702922077922077	0.8366949908276962	0.8518975223422942	0.8811475409836066	0.8999166005984127	1.8947917830470586	0.7847619047619048	0.7761904761904762	0.774052614052614	0.8888888888888888	0.8752500000000001	1.7713762340614578	0.9199999999999999	0.9102150537634408	0.9097381796646917	0.95	0.9492635801682086	0.797119370892769
2_7	2	7	0.8558544555796127	0.8209552978858733	0.836209489372407	0.8790983606557377	0.8914334946986173	1.927460604837365	0.7793103448275862	0.719047619047619	0.7273695602642971	0.8333333333333334	0.8355686813186814	2.657064291487538	0.7683333333333333	0.7535483870967742	0.7576736924277908	0.8833333333333333	0.8632669158019789	1.8599450398040653
2_8	2	8	0.8425712163587615	0.810134855079766	0.823407146984699	0.8709016393442623	0.8850191373395375	2.05813589199859	0.8083333333333332	0.7333333333333333	0.7628571428571428	0.8518518518518519	0.8431153846153846	2.3618349390121782	0.7818817204301075	0.7535483870967742	0.7635916771400642	0.8833333333333333	0.8616704917917618	1.8599450398040658
2_9	2	9	0.8820856495747851	0.8357401913777093	0.8545264679955048	0.8913934426229508	0.900557960366893	1.7314476740955276	0.4696078431372549	0.46904761904761905	0.447741935483871	0.7037037037037037	0.6865283882783884	4.723669758815057	0.9068817204301075	0.870215053763441	0.8847470734678744	0.9333333333333333	0.9258153043061397	1.0628257881205931
3_0	3	0	0.8523195196288041	0.818459303053053	0.8324652573305972	0.8829568788501027	0.8912125471842073	1.8659466221233794	0.8979166666666668	0.8766666666666667	0.8774655217278168	0.9090909090909091	0.9228309785452643	1.4493078495428835	0.7273118279569892	0.7177880184331797	0.7212581881102459	0.8	0.8306616102645507	3.1884771259431854
3_1	3	1	0.8527446127446128	0.8359774730087232	0.8434124918672741	0.891170431211499	0.9016359208470781	1.7350030078837946	0.6275268817204301	0.6228735632183908	0.6188888888888889	0.7818181818181819	0.7794794348064313	3.4783386720099014	0.7258928571428571	0.7113364055299539	0.7174603174603174	0.7833333333333333	0.8227131651322781	3.45418354317101
3_2	3	2	0.8315740087150125	0.7750890169664357	0.7978834576593401	0.8709016393442623	0.8673053866417917	2.05813589199859	0.7276967285587974	0.602183908045977	0.612110647972717	0.7407407407407407	0.7617450152474785	4.133211053864337	0.6720238095238095	0.6648847926267282	0.6645299145299146	0.75	0.7941872309667444	3.9855963776266576
3_3	3	3	0.8573359286492291	0.8325006040427867	0.8403264498564729	0.8831967213114754	0.8979726223414239	1.8621229612567527	0.8283333333333334	0.6964367816091954	0.7169398907103826	0.8518518518518519	0.823755805770584	2.3618349390121782	0.7532134532134532	0.701121351766513	0.7213573463573464	0.8	0.819779551294036	3.1884771259431854
3_4	3	4	0.8438187507620475	0.8038908929799989	0.8200767679138459	0.8770491803278688	0.8826374323780826	1.9601294266276712	0.6408963585434173	0.6097701149425288	0.6173382173382174	0.7962962962962963	0.7693612479474549	3.2475229964382577	0.7258928571428571	0.7113364055299539	0.7174603174603174	0.7833333333333333	0.8227131651322781	3.45418354317101
3_5	3	5	0.8693845970717771	0.8287965677271432	0.8467222048050036	0.8872950819672131	0.8965007206713945	1.7967853176761397	0.7039784946236559	0.6166666666666666	0.6428608115048793	0.8148148148148148	0.7820805860805861	2.9522936439628977	0.7099078341013825	0.6856221198156682	0.6836440978376462	0.7833333333333333	0.811096715060056	3.45418354317101
3_6	3	6	0.8850690343766985	0.8434958451034633	0.857469113070352	0.8954918032786885	0.9048862067875536	1.6661100305149148	0.8642857142857142	0.8095238095238095	0.818158508158508	0.9074074074074074	0.8938333333333335	1.4761468815860976	0.7058928571428571	0.6613364055299539	0.6799999999999999	0.7666666666666667	0.7958949833140962	3.7198899603988336
3_7	3	7	0.8597990042774647	0.8246897875904633	0.8405370252287098	0.8872950819672131	0.8949960222197145	1.7967853176761401	0.7395402298850574	0.7261904761904762	0.7261403508771929	0.8518518518518519	0.8429386446886447	2.3618349390121782	0.7464285714285714	0.732073732718894	0.7380952380952381	0.8166666666666667	0.8387040176322953	2.922770708715361
3_8	3	8	0.8642087628134141	0.8193919450593625	0.8365416218357395	0.8872950819672131	0.8920468782813282	1.7967853176761401	0.667741935483871	0.6690476190476191	0.6350013451708366	0.7407407407407407	0.796662087912088	4.133211053864337	0.7379807692307693	0.6946697388632872	0.7089947089947091	0.7833333333333333	0.8147018929905713	3.45418354317101
3_9	3	9	0.8388779901937797	0.8059018601410572	0.8180616348194052	0.8790983606557377	0.8842280935131978	1.927460604837365	0.898974358974359	0.8952380952380953	0.8936026936026936	0.8888888888888888	0.9321657509157509	1.7713762340614578	0.7341935483870967	0.7256221198156682	0.7285996786552961	0.8	0.8333042981372042	3.1884771259431854
4_0	4	0	0.865871817712973	0.8025463275775776	0.8307509916550208	0.8788501026694046	0.8812424977196418	1.931418429243172	0.6184331797235022	0.5457509157509157	0.5710299869621903	0.7272727272727273	0.7317641723356008	4.347923310210053	0.6307278742762613	0.6513461538461538	0.6397768897768898	0.8	0.801169607579182	3.188477125943185
4_1	4	1	0.8676671826962055	0.8226519449832995	0.843303400708262	0.891170431211499	0.8943646946994963	1.7350030078837946	0.8636363636363636	0.7762068965517241	0.8078299120234604	0.8363636363636363	0.8587009438035901	2.6087540338097504	0.6446794871794872	0.6513461538461538	0.6458916083916083	0.8	0.7994500308596054	3.188477125943185
4_2	4	2	0.8536698451565128	0.82180037249086	0.8360312175833269	0.8811475409836066	0.8922387716362536	1.8947917830470586	0.8427705627705627	0.7697701149425288	0.7548546630639482	0.8703703703703703	0.8663816561107203	2.066605586536818	0.7826262626262628	0.7322115384615385	0.726050616050616	0.8333333333333334	0.843731161962545	2.6570642914875378
4_3	4	3	0.8658445613387474	0.8215514771818915	0.8412584240284996	0.8913934426229508	0.8936876004973933	1.7314476740955274	0.8957575757575758	0.8099999999999999	0.8296364567332308	0.8888888888888888	0.8849591836734694	1.7713762340614578	0.6078341013824884	0.6359615384615385	0.6178095238095238	0.7833333333333333	0.7916591180686925	3.4541835431710086
4_4	4	4	0.8403605047889178	0.8030075458478901	0.820206777476215	0.875	0.8821274508978572	1.9927982484179776	0.6958333333333333	0.7126436781609196	0.7038251366120218	0.8148148148148148	0.823859254046446	2.9522936439628977	0.6708699633699634	0.6913461538461538	0.6742465867465868	0.8166666666666667	0.8212357451453197	2.922770708715362
4_5	4	5	0.8583068783068782	0.8280632135096916	0.8418063830788263	0.8831967213114754	0.8955499188591057	1.8621229612567525	0.7258852258852259	0.6190476190476191	0.6215238095238095	0.8148148148148148	0.7850338827838828	2.952293643962897	0.6208333333333333	0.6359615384615385	0.6269545454545454	0.7833333333333333	0.7899058713154459	3.4541835431710086
4_6	4	6	0.8946599102805468	0.8409650401807269	0.8657614408660186	0.8934426229508197	0.9027020803337459	1.6987788523052212	0.7533333333333333	0.7333333333333333	0.7231034482758621	0.8703703703703703	0.8485100732600731	2.066605586536818	0.7780128205128205	0.7913461538461538	0.776497668997669	0.85	0.8749057788153534	2.3913578742597137
4_7	4	7	0.8614389708100406	0.8227110867765746	0.8402795878585353	0.8831967213114754	0.8928692388828322	1.8621229612567527	0.7892307692307692	0.75	0.757992337164751	0.8703703703703703	0.8564624542124541	2.066605586536818	0.6115584415584415	0.6205769230769231	0.6103729603729604	0.7666666666666667	0.7786758050853797	3.7198899603988327
4_8	4	8	0.8554931193371742	0.8002745675829482	0.8247865299828838	0.8770491803278688	0.8801877502570369	1.9601294266276712	0.7058333333333333	0.6523809523809524	0.673982683982684	0.7592592592592593	0.7878040293040293	3.8379817013889777	0.7223310023310023	0.7013461538461538	0.7072927072927074	0.8166666666666667	0.8244500308596052	2.922770708715362
4_9	4	9	0.864898843315892	0.8367557705904669	0.8495047682321747	0.8913934426229508	0.901124876890545	1.7314476740955276	0.6511052166224579	0.6523809523809524	0.6331228070175439	0.7777777777777778	0.7949615384615385	3.542752348913617	0.6807278742762614	0.7013461538461538	0.6877566877566877	0.8166666666666667	0.8280214594310339	2.922770708715362
5_0	5	0	0.8409369757967889	0.7965098223223224	0.8139938992919088	0.8747433264887063	0.8789498520721498	1.9968902363629644	0.6651851851851852	0.7031868131868133	0.6528138528138527	0.8	0.82519227862085	3.1884771259431846	0.8593073593073595	0.7883653846153846	0.7996581196581196	0.8833333333333333	0.8774273731587561	1.859945039804066
5_1	5	1	0.8276399500821645	0.7961949768749552	0.8107581156308672	0.86652977412731	0.8776676427359623	2.127833850602549	0.861111111111111	0.8366666666666667	0.8246753246753247	0.9090909090909091	0.9083725490196078	1.4493078495428826	0.8515837104072398	0.7729807692307693	0.7882206682206683	0.8666666666666667	0.86616363689502	2.12565145703189
5_2	5	2	0.827564192704536	0.7962571025513054	0.810363148786154	0.8729508196721312	0.8789103840611576	2.0254670702082835	0.7375268817204301	0.666206896551724	0.6957142857142856	0.7962962962962963	0.801838142153413	3.247522996438257	0.8869683257918552	0.8216987179487181	0.8436052836052836	0.9	0.8944359851141765	1.5942386225762415
5_3	5	3	0.8788898188186792	0.8399035906008951	0.8573072800516718	0.8913934426229508	0.9027737864361285	1.7314476740955276	0.8269696969696969	0.8062068965517242	0.8043344913499666	0.8518518518518519	0.8803007271874268	2.3618349390121782	0.8993857493857493	0.7909294871794872	0.8341545893719807	0.8666666666666667	0.8701227983009898	2.12565145703189
5_4	5	4	0.8750486772297744	0.8333801854880049	0.8521088185135193	0.8934426229508197	0.9000833312339527	1.6987788523052212	0.7069696969696969	0.6855172413793104	0.6926102269138378	0.7592592592592593	0.8038742669481586	3.8379817013889768	0.8538095238095238	0.7909294871794872	0.8150746268656717	0.8666666666666667	0.873319814051197	2.12565145703189
5_5	5	5	0.8977868226022452	0.8391884894288474	0.8617616281295704	0.8954918032786885	0.902067738652001	1.6661100305149148	0.8533333333333333	0.7166666666666667	0.7448902012693888	0.8333333333333334	0.8303406593406593	2.6570642914875378	0.8804761904761904	0.8063141025641025	0.8321857379767827	0.8833333333333333	0.8831722488504404	1.859945039804066
5_6	5	6	0.8848548142846451	0.8392192695040354	0.8581916078990549	0.8934426229508197	0.9020545988270957	1.6987788523052212	0.7896969696969698	0.6833333333333333	0.7102732240437157	0.8148148148148148	0.8121858974358975	2.9522936439628977	0.8693857493857493	0.7575961538461538	0.7908212560386473	0.85	0.8516704173486088	2.391357874259713
5_7	5	7	0.8829895565035913	0.8416564935848797	0.8600984748464329	0.8913934426229508	0.9031765408647884	1.7314476740955278	0.7282783882783883	0.719047619047619	0.7184242424242424	0.8333333333333334	0.8369029304029304	2.6570642914875378	0.8804761904761904	0.8063141025641025	0.8321857379767827	0.8833333333333333	0.8831722488504404	1.859945039804066
5_8	5	8	0.8754060217240586	0.8397330913292406	0.8553688021802817	0.8872950819672131	0.9017952321432094	1.7967853176761401	0.8697233800682076	0.7761904761904762	0.7775948963317385	0.8703703703703703	0.8696410256410256	2.0666055865368183	0.8693073593073594	0.8216987179487181	0.8385470085470086	0.9	0.8958472865786696	1.5942386225762415
5_9	5	9	0.8732686549443764	0.825113025539767	0.844986196914852	0.889344262295082	0.8945955174816698	1.7641164958858337	0.8225961538461538	0.6595238095238095	0.6900000000000001	0.8148148148148148	0.799304945054945	2.952293643962897	0.8704761904761904	0.8063141025641025	0.8310746268656717	0.8833333333333333	0.8831397813179729	1.859945039804066
6_0	6	0	0.8399567155897669	0.7838816629129128	0.8083141971851484	0.8685831622176592	0.8710903881028665	2.0950979470426527	0.7680995475113123	0.7489010989010989	0.7503703703703704	0.8	0.8454722914806949	3.1884771259431846	0.8545454545454545	0.7670833333333333	0.7542612942612943	0.8833333333333333	0.8666540723854554	1.859945039804066
6_1	6	1	0.8497498729480469	0.8184199796126401	0.8327893701165172	0.8788501026694046	0.8903860353699862	1.931418429243172	0.696969696969697	0.6862068965517241	0.6819968290123043	0.8	0.8149922553192518	3.1884771259431846	0.8114005602240896	0.7737499999999999	0.7782491582491582	0.8833333333333333	0.8685773067554983	1.859945039804066
6_2	6	2	0.8487337278331253	0.8261619255521037	0.8347561876594135	0.8852459016393442	0.895708037127718	1.8294541394664459	0.7985912698412697	0.7128735632183908	0.7014936247723133	0.7962962962962963	0.8235524278676989	3.247522996438257	0.7869264069264069	0.7737499999999999	0.7702305102305103	0.8833333333333333	0.8702968834750748	1.859945039804066
6_3	6	3	0.8433064714374465	0.8053415206896049	0.8221186571927539	0.8729508196721312	0.8826436231489343	2.0254670702082835	0.8743123543123543	0.6831034482758621	0.7059784946236559	0.8518518518518519	0.8151707717569787	2.3618349390121782	0.8545454545454545	0.7670833333333333	0.7542612942612943	0.8833333333333333	0.8666540723854554	1.859945039804066
6_4	6	4	0.8575943249417168	0.8211244487876975	0.837497239501022	0.8872950819672131	0.8929941559089926	1.7967853176761397	0.7736363636363637	0.6595402298850574	0.656314760508309	0.7777777777777778	0.7930082101806238	3.542752348913617	0.8604166666666666	0.8070833333333333	0.804861111111111	0.9	0.890225500956884	1.5942386225762417
6_5	6	5	0.8358037967445527	0.7986680088919196	0.8142044585797661	0.8770491803278688	0.880572178082927	1.960129426627671	0.7096133751306166	0.7023809523809523	0.698977879481312	0.7962962962962963	0.8227234432234433	3.247522996438257	0.7504166666666666	0.72375	0.7294642857142858	0.8666666666666667	0.8448888006201836	2.12565145703189
6_6	6	6	0.85101139964904	0.8175158992134335	0.8305916414441512	0.8729508196721312	0.8891028036751557	2.0254670702082835	0.7216666666666666	0.65	0.6700345065562457	0.8333333333333334	0.7995320512820513	2.6570642914875378	0.8045454545454545	0.7737499999999999	0.7742612942612943	0.8833333333333333	0.8700210757524587	1.859945039804066
6_7	6	7	0.8468627667504072	0.8088192576177095	0.8253699655652854	0.8729508196721312	0.8848114232297555	2.0254670702082835	0.8192592592592594	0.7690476190476191	0.7859163059163059	0.8703703703703703	0.8673681318681318	2.0666055865368183	0.7870833333333334	0.72375	0.7270833333333333	0.8666666666666667	0.8449212681526511	2.12565145703189
6_8	6	8	0.8193339442344472	0.7859874533363639	0.8012131921966581	0.8647540983606558	0.872216851953656	2.156142357369508	0.7508080808080808	0.6833333333333333	0.709364133134625	0.8148148148148148	0.8118882783882784	2.952293643962897	0.7480672268907563	0.73375	0.7244829244829244	0.8666666666666667	0.8467254549036465	2.12565145703189
6_9	6	9	0.8420891084583492	0.8162396504876437	0.8281527160102377	0.875	0.888738567465326	1.9927982484179776	0.8139784946236558	0.7333333333333333	0.7534668721109399	0.8518518518518519	0.8445805860805861	2.3618349390121782	0.8378787878787879	0.7570833333333333	0.7707244607244608	0.8833333333333333	0.8619298801080715	1.8599450398040658
7_0	7	0	0.8543950786056047	0.8162341403903906	0.8326528129193062	0.8747433264887063	0.8881856017394721	1.9968902363629644	0.6680952380952381	0.6608058608058608	0.6584291187739464	0.8181818181818182	0.8045659289356768	2.8986155798764672	0.8428571428571429	0.7671794871794871	0.7764416015162283	0.8666666666666667	0.8631307207371037	2.1256514570318896
7_1	7	1	0.8340424380369157	0.8050212868021825	0.817498996933184	0.8726899383983573	0.8833116481565796	2.0296261399228603	0.825	0.7364367816091953	0.7412256049960968	0.8545454545454545	0.8445866253971825	2.318892487743035	0.8133868092691621	0.8071794871794872	0.805050505050505	0.8833333333333333	0.8870116270648186	1.859945039804066
7_2	7	2	0.8532914785014022	0.8186385197934036	0.8312520218987185	0.8811475409836066	0.8917127959625516	1.8947917830470584	0.6354166666666667	0.5828735632183908	0.5992714025500911	0.7777777777777778	0.7565932441942294	3.542752348913617	0.8482352941176471	0.8071794871794872	0.815050505050505	0.8833333333333333	0.8867021493085323	1.8599450398040658
7_3	7	3	0.8652459698171195	0.8154333772520497	0.8359217235010412	0.8790983606557377	0.887989546548169	1.927460604837365	0.8633333333333333	0.8297701149425286	0.8390368576809255	0.8888888888888888	0.8980823363828291	1.7713762340614578	0.8482352941176471	0.8071794871794872	0.815050505050505	0.8833333333333333	0.8867021493085323	1.8599450398040658
7_4	7	4	0.8608836309984792	0.8211075457540649	0.8370253658218635	0.8852459016393442	0.893074310233548	1.829454139466446	0.771904761904762	0.7690804597701149	0.7640388850915166	0.8148148148148148	0.8576150598170302	2.952293643962897	0.8606349206349206	0.7851282051282051	0.7906666791577277	0.8666666666666667	0.8706613107145023	2.12565145703189
7_5	7	5	0.8637421742935414	0.8287121430490124	0.8443789607696696	0.8872950819672131	0.8965408197279234	1.7967853176761397	0.6882395382395382	0.6690476190476191	0.6655693581780538	0.7962962962962963	0.8076529304029304	3.2475229964382577	0.8482352941176471	0.8071794871794872	0.815050505050505	0.8833333333333333	0.8867021493085323	1.8599450398040658
7_6	7	6	0.8704449819617814	0.8225470054343335	0.8430240195543931	0.8852459016393442	0.8927463374121979	1.8294541394664463	0.8735023041474654	0.8166666666666668	0.836533805177873	0.8888888888888888	0.8906282051282052	1.7713762340614574	0.832857142857143	0.7571794871794871	0.789140014214641	0.8666666666666667	0.8580982532046363	2.1256514570318896
7_7	7	7	0.8487009749803127	0.8000004037868145	0.8202338704779534	0.875	0.87984358993347	1.9927982484179771	0.7757142857142857	0.6952380952380952	0.7154789654789655	0.8148148148148148	0.8208543956043955	2.952293643962897	0.8747474747474747	0.7917948717948718	0.8215686274509804	0.8666666666666667	0.8736526987590818	2.12565145703189
7_8	7	8	0.842828763732502	0.8095710570088437	0.8232663081116725	0.8811475409836066	0.8865087933221861	1.8947917830470586	0.7720833333333333	0.7428571428571429	0.7421212121212121	0.8148148148148148	0.8413525641025641	2.952293643962897	0.8347474747474747	0.7517948717948718	0.7636321195144725	0.85	0.8518669844733676	2.3913578742597132
7_9	7	9	0.8391115063503124	0.8043388322382015	0.8193470203446152	0.8729508196721312	0.8824598036291997	2.0254670702082835	0.8425641025641026	0.7595238095238095	0.7933757277205553	0.8703703703703703	0.8593782051282052	2.0666055865368183	0.8644257703081232	0.8405128205128205	0.8316985912638086	0.9	0.9058384208384208	1.5942386225762417
8_0	8	0	0.8973860151979027	0.8512790603103104	0.8719759527762424	0.9034907597535934	0.910672168489525	1.5385875865244176	0.8020833333333334	0.7274725274725274	0.7562857142857142	0.8545454545454545	0.8392553602637637	2.318892487743035	0.6721621621621623	0.6392948717948718	0.6401352657004831	0.7666666666666667	0.7809568573664318	3.7198899603988336
8_1	8	1	0.8934336398036088	0.8524914552977154	0.8715012508303086	0.9034907597535934	0.9108189685444843	1.5385875865244176	0.7497354497354497	0.7526436781609196	0.7416117216117215	0.8363636363636363	0.8556165881070829	2.6087540338097512	0.6067509067509068	0.5992948717948717	0.5709548905201078	0.75	0.7595130883694713	3.9855963776266576
8_2	8	2	0.8808275725279406	0.8496065466437835	0.8633713615858003	0.9016393442622951	0.9095223283314819	1.568103565143996	0.9288461538461539	0.7797701149425287	0.8269398907103824	0.8703703703703703	0.8667422003284072	2.066605586536818	0.6969696969696969	0.6726282051282051	0.666470588235294	0.7833333333333333	0.8015368978932809	3.45418354317101
8_3	8	3	0.898900660742766	0.8588971864471056	0.8758526485962287	0.9036885245901639	0.9143644255479986	1.53543474335369	0.7840211640211641	0.7493103448275862	0.7436630036630036	0.8518518518518519	0.8558116349988272	2.3618349390121782	0.6823809523809523	0.6663782051282051	0.657134328358209	0.7666666666666667	0.7962842383188129	3.7198899603988336
8_4	8	4	0.9080736309299354	0.8557089631455526	0.8778528080006149	0.9077868852459017	0.9128973151878877	1.4700970997730773	0.8527777777777779	0.7964367816091954	0.8165069902774821	0.8518518518518519	0.8737149894440535	2.3618349390121782	0.6721621621621623	0.6392948717948718	0.6401352657004831	0.7666666666666667	0.7809568573664318	3.7198899603988336
8_5	8	5	0.9021194913982157	0.8594929789307656	0.8786734565580023	0.9036885245901639	0.9140932511903431	1.5354347433536901	0.8930250783699059	0.8261904761904763	0.8491010134030729	0.8888888888888888	0.8967719780219781	1.7713762340614578	0.6591318591318591	0.6392948717948718	0.6283574879227054	0.7666666666666667	0.7812988026551857	3.7198899603988336
8_6	8	6	0.8962391026497014	0.8519439537014077	0.8705199978622542	0.9036885245901639	0.9105356056845997	1.53543474335369	0.7262068965517241	0.7095238095238094	0.7128503075871496	0.8333333333333334	0.8321410256410257	2.6570642914875378	0.6345614035087719	0.5992948717948717	0.5947936507936508	0.75	0.7573854287950031	3.9855963776266576
8_7	8	7	0.8919582977418579	0.8533857541601234	0.8700489475132578	0.9016393442622951	0.9112243383798889	1.5681035651439963	0.9041556145004421	0.8261904761904763	0.8576641604010025	0.9074074074074074	0.8988553113553113	1.4761468815860979	0.6969696969696969	0.6726282051282051	0.666470588235294	0.7833333333333333	0.8015368978932809	3.45418354317101
8_8	8	8	0.8653700277724404	0.82866117464942	0.8448648148264271	0.8913934426229508	0.8976762272332127	1.7314476740955276	0.9528735632183908	0.9261904761904762	0.9379585326953748	0.9259259259259259	0.9506410256410257	1.180917529110737	0.6788288288288288	0.6392948717948718	0.6279130434782608	0.7666666666666667	0.7810229949325695	3.7198899603988336
8_9	8	9	0.8838471782172899	0.8570554789307657	0.8680942090275178	0.9057377049180327	0.9140486190928311	1.5027659215633837	0.7844086021505376	0.7357142857142858	0.7484934086629002	0.7962962962962963	0.8350192307692307	3.2475229964382577	0.6734175734175734	0.6392948717948718	0.6193675889328063	0.7666666666666667	0.7813649402213232	3.7198899603988336
9_0	9	0	0.8394671304771194	0.810717092092092	0.8237927817084124	0.8788501026694046	0.8870929758139147	1.9314184292431722	0.7995601173020528	0.7395604395604396	0.7462711864406779	0.8181818181818182	0.8410376116258469	2.8986155798764672	0.7508158508158508	0.5892948717948718	0.5961569416498994	0.75	0.7510739349303179	3.9855963776266576
9_1	9	1	0.8464554272660392	0.8147646459195299	0.8280104780270727	0.8829568788501027	0.8893044023534109	1.8659466221233796	0.6773118279569893	0.6531034482758621	0.6619191919191919	0.8	0.7987268968903952	3.1884771259431854	0.7234188034188034	0.6601602564102564	0.6756579883340447	0.7833333333333333	0.7921059077840993	3.4541835431710086
9_2	9	2	0.8615692483617012	0.8291661926362413	0.842472655854442	0.8852459016393442	0.8967090528377986	1.829454139466446	0.8515151515151516	0.6797701149425287	0.7150776852880639	0.8333333333333334	0.8113816561107201	2.6570642914875378	0.8031968031968033	0.5892948717948718	0.5995335650265228	0.75	0.7511064024627855	3.9855963776266576
9_3	9	3	0.9022254173096089	0.8563628010093203	0.8762119799706178	0.9036885245901639	0.912463328879564	1.5354347433536901	0.8183333333333334	0.7464367816091955	0.7557277694982613	0.8333333333333334	0.8464156697161623	2.657064291487537	0.8031968031968033	0.5892948717948718	0.5995335650265228	0.75	0.7511064024627855	3.9855963776266576
9_4	9	4	0.8898923618775006	0.8688270299441374	0.8778486826993201	0.9077868852459017	0.9203145752053615	1.4700970997730773	0.8747058823529411	0.6831034482758621	0.7055555555555555	0.8148148148148148	0.808408866995074	2.952293643962897	0.8031968031968033	0.5892948717948718	0.5995335650265228	0.75	0.7511064024627855	3.9855963776266576
9_5	9	5	0.8615612282189913	0.8143656715775407	0.8346262373328216	0.889344262295082	0.8897981279229772	1.7641164958858337	0.7366300366300366	0.7142857142857143	0.7012421652421652	0.7777777777777778	0.8264258241758242	3.5427523489136172	0.7374825174825175	0.6292948717948719	0.6523474178403755	0.7666666666666667	0.7728259791823622	3.7198899603988327
9_6	9	6	0.8721066708994417	0.8398017363693968	0.8539718748842399	0.889344262295082	0.9024384958257224	1.7641164958858337	0.8699999999999999	0.819047619047619	0.8205868205868205	0.8888888888888888	0.8959166666666667	1.7713762340614578	0.8215311004784688	0.6626282051282051	0.6914285714285715	0.7833333333333333	0.7931302119865948	3.4541835431710086
9_7	9	7	0.8430658685091285	0.8103092714273906	0.8257209015105456	0.8790983606557377	0.8865984335043484	1.927460604837365	0.8678571428571429	0.7333333333333334	0.7523310023310023	0.8703703703703703	0.8451153846153847	2.0666055865368183	0.7138461538461539	0.6139102564102564	0.628144519289651	0.75	0.7633479572043402	3.9855963776266576
9_8	9	8	0.8799610931686404	0.8385749433493128	0.8568020127763278	0.8954918032786885	0.9026030034674214	1.666110030514915	0.8161904761904761	0.8095238095238095	0.8028571428571428	0.8888888888888888	0.8905347985347986	1.771376234061458	0.7369423558897242	0.6072435897435897	0.6228245184766924	0.75	0.7618003381567211	3.9855963776266576
9_9	9	9	0.8892893190887232	0.8521020366696973	0.8660797692239152	0.8954918032786885	0.9095205703431064	1.6661100305149148	0.7554376657824934	0.7261904761904762	0.7354736842105263	0.8518518518518519	0.8425576923076923	2.3618349390121782	0.7369423558897242	0.6072435897435897	0.6228245184766924	0.75	0.7618003381567211	3.9855963776266576
